id,lstm_prediction
0,0
1,0
2,0
3,0
4,1
5,1
6,1
7,0
8,1
9,1
10,1
11,1
12,0
13,1
14,0
15,0
16,0
17,0
18,1
19,0
20,1
21,1
22,0
23,1
24,1
25,0
26,1
27,0
28,0
29,1
30,1
31,1
32,0
33,0
34,0
35,0
36,0
37,1
38,1
39,0
40,0
41,1
42,1
43,0
44,0
45,1
46,0
47,0
48,1
49,1
50,0
51,0
52,0
53,0
54,0
55,0
56,1
57,0
58,0
59,0
60,0
61,1
62,1
63,1
64,1
65,0
66,1
67,0
68,1
69,0
70,0
71,0
72,0
73,0
74,1
75,1
76,0
77,0
78,0
79,0
80,0
81,1
82,0
83,1
84,1
85,1
86,0
87,0
88,0
89,0
90,1
91,0
92,0
93,1
94,1
95,1
96,0
97,0
98,1
99,0
100,1
101,1
102,0
103,0
104,0
105,0
106,1
107,1
108,1
109,1
110,0
111,0
112,0
113,0
114,0
115,0
116,0
117,1
118,0
119,1
120,0
121,1
122,0
123,0
124,0
125,1
126,0
127,0
128,1
129,0
130,0
131,0
132,1
133,0
134,0
135,0
136,0
137,0
138,1
139,1
140,1
141,0
142,1
143,1
144,1
145,0
146,1
147,0
148,0
149,0
150,1
151,0
152,0
153,0
154,1
155,1
156,0
157,1
158,0
159,1
160,1
161,0
162,1
163,1
164,0
165,1
166,0
167,0
168,1
169,0
170,1
171,0
172,0
173,0
174,0
175,0
176,0
177,0
178,0
179,0
180,0
181,0
182,0
183,1
184,0
185,1
186,1
187,0
188,1
189,0
190,1
191,0
192,0
193,1
194,0
195,1
196,1
197,1
198,1
199,0
200,0
201,1
202,0
203,1
204,1
205,1
206,1
207,1
208,1
209,1
210,0
211,0
212,1
213,0
214,1
215,1
216,0
217,1
218,0
219,1
220,0
221,0
222,1
223,1
224,0
225,1
226,1
227,0
228,0
229,1
230,0
231,0
232,0
233,0
234,1
235,1
236,1
237,1
238,1
239,1
240,0
241,1
242,0
243,1
244,1
245,1
246,0
247,1
248,1
249,0
250,1
251,1
252,1
253,0
254,0
255,0
256,1
257,1
258,1
259,1
260,0
261,1
262,1
263,0
264,0
265,1
266,0
267,1
268,1
269,0
270,0
271,0
272,0
273,1
274,0
275,0
276,0
277,0
278,0
279,0
280,0
281,1
282,0
283,1
284,0
285,0
286,0
287,1
288,0
289,1
290,0
291,0
292,0
293,1
294,1
295,0
296,1
297,1
298,1
299,0
300,0
301,0
302,1
303,0
304,1
305,1
306,1
307,0
308,0
309,0
310,0
311,0
312,0
313,0
314,0
315,0
316,0
317,1
318,0
319,0
320,0
321,0
322,0
323,1
324,0
325,0
326,1
327,0
328,0
329,1
330,0
331,0
332,1
333,1
334,0
335,1
336,1
337,0
338,0
339,0
340,1
341,0
342,1
343,0
344,1
345,1
346,0
347,0
348,0
349,1
350,0
351,1
352,0
353,1
354,0
355,1
356,0
357,1
358,0
359,0
360,0
361,0
362,1
363,1
364,1
365,0
366,1
367,0
368,0
369,1
370,0
371,1
372,0
373,0
374,1
375,0
376,0
377,0
378,0
379,0
380,0
381,1
382,0
383,0
384,1
385,1
386,1
387,1
388,0
389,0
390,1
391,1
392,0
393,0
394,1
395,1
396,1
397,0
398,1
399,0
400,0
401,1
402,1
403,0
404,0
405,0
406,1
407,0
408,0
409,0
410,0
411,1
412,1
413,0
414,0
415,0
416,0
417,0
418,1
419,0
420,0
421,0
422,0
423,0
424,1
425,0
426,0
427,1
428,1
429,0
430,0
431,0
432,0
433,1
434,0
435,0
436,0
437,1
438,0
439,0
440,0
441,0
442,1
443,0
444,0
445,0
446,0
447,1
448,1
449,0
450,1
451,1
452,1
453,1
454,0
455,1
456,1
457,0
458,1
459,0
460,0
461,0
462,0
463,0
464,1
465,0
466,0
467,0
468,0
469,0
470,0
471,0
472,0
473,0
474,0
475,0
476,1
477,0
478,0
479,1
480,1
481,0
482,1
483,1
484,0
485,0
486,1
487,1
488,1
489,0
490,0
491,0
492,0
493,1
494,0
495,0
496,0
497,1
498,0
499,1
500,1
501,0
502,0
503,0
504,0
505,1
506,0
507,0
508,0
509,1
510,1
511,1
512,1
513,0
514,0
515,1
516,0
517,0
518,1
519,1
520,0
521,1
522,1
523,0
524,0
525,1
526,0
527,1
528,0
529,1
530,1
531,1
532,0
533,0
534,0
535,0
536,1
537,1
538,0
539,0
540,0
541,1
542,1
543,0
544,0
545,1
546,1
547,0
548,0
549,0
550,0
551,0
552,1
553,1
554,1
555,1
556,1
557,0
558,1
559,1
560,0
561,0
562,0
563,0
564,1
565,1
566,0
567,0
568,1
569,0
570,1
571,0
572,1
573,0
574,0
575,0
576,1
577,1
578,0
579,1
580,0
581,0
582,0
583,1
584,0
585,0
586,1
587,0
588,0
589,1
590,0
591,1
592,0
593,0
594,0
595,0
596,0
597,0
598,1
599,0
600,1
601,1
602,1
603,1
604,0
605,1
606,1
607,1
608,1
609,0
610,1
611,1
612,0
613,0
614,0
615,1
616,0
617,1
618,0
619,0
620,1
621,0
622,0
623,0
624,0
625,1
626,1
627,0
628,1
629,0
630,0
631,1
632,0
633,0
634,1
635,0
636,1
637,1
638,0
639,1
640,0
641,0
642,1
643,1
644,0
645,0
646,1
647,0
648,1
649,1
650,1
651,1
652,1
653,1
654,0
655,1
656,0
657,0
658,0
659,0
660,1
661,1
662,1
663,0
664,1
665,0
666,0
667,0
668,1
669,1
670,0
671,1
672,0
673,0
674,1
675,0
676,1
677,1
678,0
679,1
680,1
681,0
682,1
683,0
684,0
685,0
686,0
687,1
688,1
689,0
690,1
691,0
692,1
693,1
694,1
695,0
696,1
697,0
698,1
699,1
700,1
701,0
702,0
703,1
704,0
705,1
706,0
707,0
708,0
709,0
710,0
711,1
712,0
713,1
714,0
715,1
716,1
717,1
718,0
719,1
720,1
721,0
722,0
723,0
724,1
725,0
726,0
727,0
728,1
729,1
730,0
731,0
732,0
733,0
734,0
735,0
736,0
737,1
738,1
739,0
740,0
741,0
742,0
743,0
744,1
745,0
746,1
747,1
748,1
749,0
750,1
751,1
752,0
753,0
754,0
755,0
756,0
757,0
758,1
759,1
760,0
761,0
762,0
763,0
764,0
765,1
766,0
767,1
768,0
769,1
770,1
771,1
772,1
773,1
774,0
775,0
776,0
777,1
778,1
779,0
780,0
781,0
782,1
783,1
784,1
785,1
786,1
787,0
788,0
789,0
790,0
791,1
792,0
793,1
794,1
795,0
796,1
797,1
798,1
799,1
800,1
801,0
802,0
803,0
804,0
805,0
806,0
807,1
808,1
809,0
810,0
811,1
812,1
813,0
814,1
815,0
816,0
817,0
818,1
819,0
820,0
821,1
822,0
823,0
824,0
825,0
826,1
827,1
828,0
829,1
830,0
831,0
832,1
833,1
834,1
835,1
836,0
837,0
838,0
839,1
840,0
841,1
842,0
843,0
844,0
845,0
846,1
847,0
848,0
849,0
850,1
851,1
852,0
853,1
854,1
855,0
856,1
857,0
858,1
859,1
860,0
861,1
862,0
863,1
864,1
865,1
866,1
867,1
868,0
869,1
870,0
871,0
872,0
873,1
874,0
875,0
876,0
877,1
878,1
879,0
880,0
881,1
882,0
883,1
884,0
885,0
886,1
887,1
888,1
889,0
890,0
891,0
892,0
893,0
894,0
895,0
896,0
897,0
898,1
899,1
900,1
901,0
902,0
903,0
904,1
905,0
906,0
907,1
908,1
909,1
910,0
911,0
912,1
913,1
914,1
915,1
916,0
917,0
918,0
919,0
920,0
921,0
922,0
923,0
924,0
925,0
926,1
927,1
928,1
929,1
930,1
931,1
932,0
933,1
934,0
935,0
936,0
937,0
938,1
939,0
940,1
941,1
942,1
943,0
944,0
945,0
946,1
947,1
948,0
949,1
950,1
951,1
952,0
953,0
954,1
955,0
956,1
957,1
958,0
959,0
960,0
961,0
962,1
963,1
964,0
965,1
966,1
967,1
968,0
969,1
970,0
971,0
972,0
973,0
974,1
975,1
976,0
977,0
978,1
979,1
980,0
981,0
982,1
983,1
984,1
985,1
986,1
987,0
988,1
989,1
990,1
991,0
992,0
993,0
994,0
995,0
996,1
997,0
998,1
999,1
1000,0
1001,1
1002,0
1003,1
1004,1
1005,0
1006,1
1007,0
1008,0
1009,1
1010,1
1011,0
1012,0
1013,1
1014,0
1015,0
1016,1
1017,1
1018,0
1019,0
1020,0
1021,1
1022,0
1023,0
1024,1
1025,0
1026,1
1027,1
1028,0
1029,1
1030,0
1031,0
1032,0
1033,1
1034,1
1035,1
1036,0
1037,1
1038,0
1039,1
1040,1
1041,0
1042,0
1043,1
1044,1
1045,0
1046,0
1047,1
1048,1
1049,0
1050,1
1051,1
1052,0
1053,1
1054,1
1055,0
1056,0
1057,1
1058,0
1059,1
1060,0
1061,0
1062,0
1063,1
1064,0
1065,1
1066,0
1067,0
1068,1
1069,1
1070,1
1071,0
1072,0
1073,1
1074,1
1075,1
1076,1
1077,0
1078,1
1079,1
1080,0
1081,1
1082,1
1083,0
1084,0
1085,0
1086,0
1087,1
1088,1
1089,0
1090,1
1091,0
1092,1
1093,0
1094,0
1095,1
1096,1
1097,0
1098,0
1099,0
1100,1
1101,1
1102,1
1103,1
1104,1
1105,0
1106,0
1107,1
1108,1
1109,0
1110,0
1111,0
1112,0
1113,0
1114,0
1115,1
1116,1
1117,1
1118,0
1119,0
1120,0
1121,0
1122,0
1123,0
1124,0
1125,0
1126,0
1127,1
1128,1
1129,1
1130,1
1131,0
1132,1
1133,0
1134,1
1135,0
1136,1
1137,0
1138,0
1139,1
1140,1
1141,0
1142,0
1143,0
1144,1
1145,0
1146,1
1147,0
1148,0
1149,0
1150,0
1151,1
1152,0
1153,0
1154,0
1155,1
1156,0
1157,0
1158,1
1159,0
1160,0
1161,0
1162,1
1163,1
1164,1
1165,0
1166,1
1167,0
1168,0
1169,0
1170,1
1171,1
1172,0
1173,0
1174,1
1175,0
1176,1
1177,0
1178,0
1179,0
1180,0
1181,0
1182,0
1183,0
1184,1
1185,1
1186,0
1187,1
1188,0
1189,0
1190,1
1191,0
1192,0
1193,1
1194,0
1195,0
1196,0
1197,0
1198,0
1199,0
1200,0
1201,1
1202,0
1203,1
1204,0
1205,1
1206,1
1207,0
1208,0
1209,0
1210,0
1211,1
1212,1
1213,0
1214,1
1215,0
1216,0
1217,0
1218,0
1219,1
1220,0
1221,1
1222,0
1223,1
1224,1
1225,1
1226,1
1227,1
1228,1
1229,1
1230,1
1231,1
1232,0
1233,1
1234,0
1235,1
1236,0
1237,0
1238,1
1239,0
1240,0
1241,0
1242,1
1243,0
1244,0
1245,0
1246,1
1247,0
1248,1
1249,1
1250,1
1251,0
1252,0
1253,1
1254,1
1255,0
1256,0
1257,1
1258,0
1259,1
1260,0
1261,0
1262,1
1263,0
1264,0
1265,0
1266,1
1267,0
1268,0
1269,1
1270,1
1271,1
1272,0
1273,1
1274,0
1275,0
1276,0
1277,0
1278,0
1279,0
1280,0
1281,0
1282,0
1283,0
1284,0
1285,0
1286,0
1287,0
1288,0
1289,1
1290,1
1291,0
1292,1
1293,1
1294,0
1295,0
1296,1
1297,0
1298,0
1299,0
1300,0
1301,0
1302,1
1303,1
1304,1
1305,0
1306,0
1307,0
1308,0
1309,0
1310,1
1311,1
1312,1
1313,1
1314,0
1315,1
1316,0
1317,0
1318,0
1319,0
1320,0
1321,1
1322,1
1323,1
1324,0
1325,1
1326,1
1327,0
1328,0
1329,0
1330,1
1331,1
1332,0
1333,0
1334,0
1335,0
1336,0
1337,0
1338,1
1339,0
1340,0
1341,1
1342,1
1343,1
1344,1
1345,0
1346,1
1347,1
1348,0
1349,0
1350,0
1351,0
1352,1
1353,1
1354,0
1355,1
1356,0
1357,1
1358,1
1359,0
1360,1
1361,1
1362,0
1363,0
1364,1
1365,1
1366,0
1367,0
1368,1
1369,0
1370,0
1371,0
1372,0
1373,0
1374,1
1375,0
1376,0
1377,1
1378,1
1379,0
1380,0
1381,0
1382,0
1383,0
1384,1
1385,1
1386,0
1387,1
1388,1
1389,1
1390,1
1391,0
1392,1
1393,1
1394,0
1395,1
1396,0
1397,1
1398,1
1399,0
1400,0
1401,0
1402,0
1403,1
1404,1
1405,0
1406,0
1407,0
1408,1
1409,0
1410,0
1411,0
1412,0
1413,0
1414,1
1415,0
1416,0
1417,0
1418,0
1419,1
1420,1
1421,1
1422,0
1423,1
1424,0
1425,1
1426,0
1427,0
1428,1
1429,0
1430,1
1431,1
1432,0
1433,0
1434,1
1435,0
1436,0
1437,0
1438,1
1439,1
1440,0
1441,0
1442,1
1443,0
1444,1
1445,0
1446,1
1447,0
1448,0
1449,0
1450,1
1451,0
1452,0
1453,0
1454,0
1455,0
1456,1
1457,1
1458,1
1459,1
1460,1
1461,0
1462,1
1463,1
1464,0
1465,1
1466,1
1467,0
1468,1
1469,0
1470,0
1471,0
1472,0
1473,0
1474,0
1475,1
1476,1
1477,0
1478,1
1479,1
1480,0
1481,0
1482,1
1483,1
1484,0
1485,1
1486,1
1487,0
1488,0
1489,1
1490,0
1491,0
1492,0
1493,0
1494,1
1495,1
1496,1
1497,0
1498,0
1499,0
1500,0
1501,0
1502,0
1503,0
1504,1
1505,1
1506,0
1507,1
1508,0
1509,0
1510,0
1511,0
1512,0
1513,1
1514,1
1515,1
1516,1
1517,1
1518,0
1519,1
1520,0
1521,1
1522,0
1523,1
1524,0
1525,1
1526,0
1527,1
1528,1
1529,0
1530,1
1531,1
1532,1
1533,0
1534,1
1535,0
1536,0
1537,0
1538,1
1539,0
1540,0
1541,0
1542,1
1543,1
1544,0
1545,0
1546,0
1547,1
1548,1
1549,1
1550,1
1551,0
1552,0
1553,1
1554,1
1555,0
1556,1
1557,0
1558,1
1559,0
1560,0
1561,0
1562,0
1563,0
1564,1
1565,0
1566,1
1567,0
1568,0
1569,0
1570,1
1571,0
1572,0
1573,0
1574,0
1575,0
1576,0
1577,0
1578,1
1579,1
1580,0
1581,0
1582,1
1583,0
1584,1
1585,1
1586,0
1587,1
1588,0
1589,1
1590,0
1591,0
1592,0
1593,0
1594,0
1595,0
1596,1
1597,0
1598,0
1599,1
1600,0
1601,0
1602,0
1603,0
1604,1
1605,1
1606,1
1607,1
1608,1
1609,0
1610,0
1611,0
1612,1
1613,0
1614,1
1615,1
1616,0
1617,1
1618,1
1619,0
1620,0
1621,1
1622,0
1623,0
1624,1
1625,1
1626,0
1627,1
1628,1
1629,0
1630,0
1631,1
1632,1
1633,0
1634,1
1635,1
1636,1
1637,1
1638,1
1639,1
1640,0
1641,1
1642,1
1643,1
1644,1
1645,0
1646,0
1647,1
1648,1
1649,0
1650,1
1651,1
1652,0
1653,1
1654,1
1655,1
1656,0
1657,1
1658,0
1659,0
1660,0
1661,1
1662,1
1663,0
1664,0
1665,1
1666,0
1667,1
1668,0
1669,0
1670,0
1671,1
1672,1
1673,0
1674,0
1675,0
1676,1
1677,0
1678,1
1679,0
1680,1
1681,0
1682,1
1683,0
1684,0
1685,1
1686,1
1687,0
1688,0
1689,0
1690,0
1691,1
1692,0
1693,1
1694,0
1695,0
1696,0
1697,0
1698,1
1699,0
1700,0
1701,0
1702,1
1703,0
1704,0
1705,0
1706,0
1707,1
1708,1
1709,1
1710,1
1711,0
1712,0
1713,0
1714,0
1715,0
1716,0
1717,1
1718,0
1719,1
1720,1
1721,0
1722,1
1723,1
1724,1
1725,0
1726,1
1727,1
1728,0
1729,1
1730,0
1731,1
1732,0
1733,0
1734,0
1735,0
1736,0
1737,0
1738,0
1739,1
1740,0
1741,1
1742,1
1743,0
1744,1
1745,1
1746,0
1747,1
1748,1
1749,0
1750,0
1751,0
1752,0
1753,0
1754,0
1755,0
1756,0
1757,1
1758,1
1759,0
1760,1
1761,0
1762,1
1763,1
1764,0
1765,0
1766,0
1767,0
1768,1
1769,0
1770,0
1771,0
1772,0
1773,1
1774,1
1775,0
1776,1
1777,0
1778,1
1779,1
1780,0
1781,0
1782,0
1783,0
1784,0
1785,1
1786,0
1787,1
1788,0
1789,0
1790,0
1791,1
1792,0
1793,0
1794,0
1795,0
1796,0
1797,0
1798,0
1799,0
1800,1
1801,0
1802,0
1803,1
1804,0
1805,0
1806,0
1807,0
1808,0
1809,0
1810,0
1811,0
1812,0
1813,1
1814,1
1815,1
1816,0
1817,1
1818,1
1819,0
1820,0
1821,1
1822,0
1823,1
1824,0
1825,1
1826,0
1827,0
1828,1
1829,1
1830,0
1831,0
1832,1
1833,0
1834,0
1835,1
1836,1
1837,1
1838,0
1839,0
1840,1
1841,0
1842,1
1843,0
1844,0
1845,1
1846,0
1847,1
1848,0
1849,1
1850,1
1851,1
1852,1
1853,1
1854,1
1855,1
1856,0
1857,1
1858,0
1859,0
1860,0
1861,1
1862,1
1863,1
1864,0
1865,1
1866,1
1867,1
1868,0
1869,0
1870,0
1871,0
1872,0
1873,1
1874,1
1875,0
1876,1
1877,0
1878,0
1879,1
1880,0
1881,0
1882,1
1883,0
1884,1
1885,0
1886,0
1887,1
1888,0
1889,0
1890,0
1891,0
1892,1
1893,1
1894,0
1895,0
1896,0
1897,1
1898,0
1899,0
1900,1
1901,1
1902,0
1903,1
1904,1
1905,1
1906,0
1907,0
1908,0
1909,0
1910,0
1911,0
1912,0
1913,1
1914,0
1915,0
1916,0
1917,0
1918,0
1919,0
1920,0
1921,0
1922,1
1923,0
1924,0
1925,0
1926,1
1927,0
1928,1
1929,1
1930,0
1931,1
1932,1
1933,1
1934,1
1935,0
1936,1
1937,1
1938,0
1939,1
1940,1
1941,1
1942,0
1943,0
1944,0
1945,1
1946,1
1947,0
1948,0
1949,0
1950,0
1951,0
1952,0
1953,1
1954,1
1955,1
1956,1
1957,0
1958,1
1959,1
1960,1
1961,1
1962,1
1963,0
1964,1
1965,0
1966,0
1967,1
1968,0
1969,0
1970,1
1971,0
1972,1
1973,0
1974,0
1975,1
1976,0
1977,0
1978,0
1979,0
1980,0
1981,0
1982,0
1983,1
1984,1
1985,1
1986,1
1987,0
1988,0
1989,1
1990,1
1991,0
1992,1
1993,1
1994,0
1995,1
1996,1
1997,0
1998,1
1999,1
2000,0
2001,1
2002,0
2003,1
2004,0
2005,1
2006,0
2007,1
2008,1
2009,1
2010,0
2011,0
2012,0
2013,0
2014,0
2015,0
2016,0
2017,0
2018,1
2019,1
2020,0
2021,0
2022,0
2023,0
2024,1
2025,0
2026,0
2027,1
2028,0
2029,1
2030,1
2031,1
2032,0
2033,0
2034,1
2035,0
2036,1
2037,0
2038,0
2039,1
2040,1
2041,1
2042,1
2043,1
2044,1
2045,0
2046,1
2047,0
2048,0
2049,0
2050,0
2051,1
2052,0
2053,0
2054,1
2055,1
2056,0
2057,0
2058,0
2059,1
2060,0
2061,1
2062,0
2063,1
2064,0
2065,0
2066,1
2067,0
2068,0
2069,0
2070,0
2071,0
2072,0
2073,0
2074,1
2075,0
2076,1
2077,1
2078,1
2079,1
2080,0
2081,0
2082,0
2083,0
2084,0
2085,0
2086,1
2087,1
2088,0
2089,1
2090,0
2091,0
2092,0
2093,0
2094,0
2095,1
2096,0
2097,1
2098,1
2099,0
2100,1
2101,0
2102,0
2103,1
2104,0
2105,0
2106,1
2107,1
2108,0
2109,0
2110,1
2111,0
2112,1
2113,0
2114,1
2115,0
2116,0
2117,1
2118,1
2119,1
2120,1
2121,1
2122,0
2123,0
2124,0
2125,1
2126,0
2127,1
2128,0
2129,0
2130,1
2131,1
2132,1
2133,1
2134,0
2135,1
2136,1
2137,0
2138,0
2139,0
2140,0
2141,0
2142,1
2143,0
2144,0
2145,1
2146,0
2147,1
2148,0
2149,1
2150,1
2151,1
2152,1
2153,1
2154,0
2155,1
2156,0
2157,1
2158,0
2159,1
2160,0
2161,1
2162,0
2163,0
2164,0
2165,0
2166,0
2167,0
2168,0
2169,0
2170,1
2171,0
2172,1
2173,1
2174,0
2175,0
2176,0
2177,1
2178,0
2179,0
2180,1
2181,0
2182,0
2183,1
2184,0
2185,0
2186,1
2187,0
2188,1
2189,1
2190,0
2191,1
2192,0
2193,1
2194,0
2195,0
2196,1
2197,1
2198,0
2199,0
2200,0
2201,1
2202,0
2203,0
2204,0
2205,1
2206,0
2207,0
2208,0
2209,0
2210,0
2211,0
2212,1
2213,1
2214,1
2215,1
2216,1
2217,0
2218,0
2219,0
2220,0
2221,0
2222,0
2223,0
2224,1
2225,1
2226,1
2227,1
2228,0
2229,1
2230,0
2231,0
2232,1
2233,0
2234,0
2235,1
2236,1
2237,0
2238,0
2239,0
2240,0
2241,1
2242,0
2243,1
2244,1
2245,0
2246,0
2247,0
2248,0
2249,0
2250,1
2251,0
2252,1
2253,0
2254,0
2255,1
2256,0
2257,1
2258,0
2259,1
2260,0
2261,0
2262,1
2263,0
2264,1
2265,0
2266,1
2267,0
2268,0
2269,0
2270,0
2271,1
2272,1
2273,0
2274,1
2275,1
2276,0
2277,0
2278,0
2279,0
2280,1
2281,0
2282,0
2283,1
2284,0
2285,0
2286,1
2287,0
2288,0
2289,0
2290,0
2291,1
2292,0
2293,0
2294,0
2295,0
2296,0
2297,0
2298,0
2299,1
2300,0
2301,1
2302,0
2303,0
2304,0
2305,0
2306,0
2307,1
2308,1
2309,1
2310,0
2311,0
2312,0
2313,1
2314,1
2315,1
2316,0
2317,0
2318,1
2319,1
2320,0
2321,0
2322,0
2323,0
2324,0
2325,0
2326,0
2327,0
2328,1
2329,0
2330,1
2331,1
2332,0
2333,0
2334,0
2335,1
2336,1
2337,1
2338,1
2339,0
2340,1
2341,0
2342,1
2343,1
2344,0
2345,1
2346,0
2347,0
2348,0
2349,0
2350,0
2351,1
2352,0
2353,0
2354,1
2355,0
2356,1
2357,1
2358,0
2359,0
2360,1
2361,0
2362,0
2363,1
2364,0
2365,1
2366,1
2367,0
2368,1
2369,1
2370,1
2371,1
2372,0
2373,0
2374,1
2375,0
2376,0
2377,0
2378,1
2379,1
2380,0
2381,0
2382,0
2383,0
2384,0
2385,0
2386,1
2387,1
2388,0
2389,0
2390,1
2391,1
2392,0
2393,0
2394,1
2395,0
2396,1
2397,1
2398,0
2399,1
2400,0
2401,0
2402,0
2403,0
2404,1
2405,0
2406,1
2407,0
2408,0
2409,1
2410,0
2411,0
2412,0
2413,1
2414,1
2415,0
2416,1
2417,1
2418,0
2419,0
2420,0
2421,1
2422,0
2423,0
2424,1
2425,0
2426,0
2427,0
2428,0
2429,1
2430,0
2431,0
2432,0
2433,0
2434,0
2435,0
2436,1
2437,0
2438,1
2439,0
2440,1
2441,1
2442,1
2443,0
2444,0
2445,1
2446,1
2447,1
2448,0
2449,1
2450,0
2451,0
2452,0
2453,0
2454,0
2455,1
2456,0
2457,1
2458,1
2459,1
2460,1
2461,0
2462,1
2463,1
2464,1
2465,0
2466,1
2467,1
2468,1
2469,1
2470,0
2471,0
2472,1
2473,1
2474,1
2475,0
2476,0
2477,1
2478,1
2479,0
2480,0
2481,0
2482,0
2483,1
2484,1
2485,0
2486,0
2487,0
2488,0
2489,0
2490,1
2491,0
2492,0
2493,0
2494,1
2495,1
2496,0
2497,0
2498,1
2499,1
2500,0
2501,1
2502,1
2503,0
2504,1
2505,0
2506,1
2507,0
2508,0
2509,0
2510,0
2511,1
2512,1
2513,1
2514,0
2515,0
2516,0
2517,0
2518,1
2519,1
2520,0
2521,1
2522,0
2523,0
2524,0
2525,0
2526,0
2527,0
2528,0
2529,0
2530,0
2531,0
2532,0
2533,0
2534,0
2535,1
2536,1
2537,0
2538,1
2539,0
2540,0
2541,0
2542,0
2543,0
2544,1
2545,1
2546,0
2547,0
2548,0
2549,0
2550,1
2551,0
2552,0
2553,1
2554,0
2555,1
2556,1
2557,1
2558,0
2559,0
2560,0
2561,1
2562,1
2563,0
2564,0
2565,0
2566,1
2567,1
2568,1
2569,1
2570,0
2571,0
2572,0
2573,1
2574,0
2575,1
2576,1
2577,0
2578,0
2579,1
2580,1
2581,0
2582,0
2583,1
2584,1
2585,1
2586,0
2587,0
2588,0
2589,0
2590,1
2591,1
2592,0
2593,0
2594,1
2595,0
2596,0
2597,1
2598,1
2599,1
2600,0
2601,0
2602,1
2603,1
2604,1
2605,0
2606,0
2607,0
2608,1
2609,1
2610,0
2611,0
2612,0
2613,0
2614,0
2615,0
2616,0
2617,0
2618,0
2619,1
2620,1
2621,0
2622,1
2623,1
2624,1
2625,1
2626,0
2627,0
2628,1
2629,1
2630,0
2631,0
2632,1
2633,1
2634,1
2635,0
2636,0
2637,1
2638,1
2639,0
2640,1
2641,0
2642,1
2643,0
2644,1
2645,1
2646,1
2647,0
2648,1
2649,0
2650,1
2651,0
2652,1
2653,0
2654,1
2655,0
2656,1
2657,0
2658,0
2659,1
2660,1
2661,0
2662,0
2663,1
2664,1
2665,1
2666,0
2667,1
2668,1
2669,0
2670,0
2671,1
2672,1
2673,1
2674,0
2675,1
2676,0
2677,1
2678,1
2679,0
2680,1
2681,0
2682,1
2683,0
2684,0
2685,0
2686,0
2687,1
2688,1
2689,0
2690,0
2691,0
2692,1
2693,0
2694,0
2695,1
2696,0
2697,1
2698,0
2699,1
2700,1
2701,0
2702,1
2703,1
2704,1
2705,1
2706,0
2707,0
2708,0
2709,1
2710,0
2711,1
2712,1
2713,0
2714,0
2715,0
2716,0
2717,0
2718,0
2719,0
2720,0
2721,0
2722,1
2723,1
2724,0
2725,1
2726,0
2727,0
2728,1
2729,0
2730,0
2731,0
2732,0
2733,0
2734,1
2735,0
2736,1
2737,1
2738,1
2739,0
2740,0
2741,0
2742,1
2743,0
2744,0
2745,1
2746,0
2747,0
2748,0
2749,0
2750,0
2751,1
2752,0
2753,1
2754,0
2755,1
2756,1
2757,0
2758,1
2759,1
2760,0
2761,0
2762,0
2763,0
2764,0
2765,1
2766,0
2767,0
2768,0
2769,1
2770,0
2771,0
2772,1
2773,1
2774,1
2775,1
2776,1
2777,0
2778,0
2779,1
2780,0
2781,0
2782,0
2783,0
2784,1
2785,0
2786,1
2787,1
2788,0
2789,0
2790,0
2791,0
2792,0
2793,1
2794,1
2795,1
2796,0
2797,0
2798,0
2799,1
2800,0
2801,1
2802,0
2803,0
2804,1
2805,0
2806,0
2807,0
2808,0
2809,1
2810,1
2811,1
2812,0
2813,0
2814,0
2815,0
2816,0
2817,1
2818,0
2819,0
2820,1
2821,1
2822,1
2823,0
2824,0
2825,0
2826,0
2827,1
2828,0
2829,1
2830,0
2831,0
2832,0
2833,0
2834,0
2835,1
2836,0
2837,0
2838,0
2839,0
2840,0
2841,0
2842,0
2843,0
2844,0
2845,1
2846,1
2847,0
2848,1
2849,1
2850,0
2851,0
2852,0
2853,1
2854,1
2855,0
2856,0
2857,0
2858,0
2859,0
2860,1
2861,0
2862,0
2863,0
2864,0
2865,0
2866,0
2867,0
2868,0
2869,0
2870,1
2871,1
2872,0
2873,1
2874,0
2875,1
2876,1
2877,1
2878,1
2879,1
2880,0
2881,0
2882,0
2883,0
2884,1
2885,0
2886,1
2887,1
2888,1
2889,1
2890,0
2891,0
2892,1
2893,0
2894,0
2895,0
2896,0
2897,0
2898,0
2899,0
2900,1
2901,1
2902,1
2903,0
2904,1
2905,1
2906,1
2907,0
2908,0
2909,1
2910,1
2911,1
2912,0
2913,1
2914,0
2915,0
2916,1
2917,0
2918,0
2919,0
2920,0
2921,0
2922,0
2923,0
2924,1
2925,0
2926,1
2927,1
2928,0
2929,0
2930,1
2931,0
2932,0
2933,1
2934,0
2935,0
2936,1
2937,0
2938,1
2939,0
2940,0
2941,1
2942,1
2943,0
2944,0
2945,0
2946,0
2947,0
2948,1
2949,0
2950,1
2951,1
2952,0
2953,0
2954,0
2955,0
2956,0
2957,1
2958,1
2959,0
2960,0
2961,1
2962,0
2963,0
2964,0
2965,1
2966,1
2967,0
2968,1
2969,1
2970,1
2971,0
2972,0
2973,1
2974,1
2975,0
2976,0
2977,1
2978,1
2979,1
2980,0
2981,0
2982,1
2983,1
2984,0
2985,1
2986,1
2987,1
2988,0
2989,0
2990,0
2991,0
2992,0
2993,0
2994,1
2995,1
2996,0
2997,0
2998,1
2999,0
3000,0
3001,1
3002,0
3003,0
3004,0
3005,0
3006,0
3007,0
3008,0
3009,0
3010,1
3011,0
3012,1
3013,1
3014,1
3015,1
3016,0
3017,1
3018,0
3019,1
3020,1
3021,1
3022,1
3023,0
3024,0
3025,1
3026,1
3027,1
3028,1
3029,1
3030,0
3031,1
3032,0
3033,0
3034,0
3035,1
3036,1
3037,0
3038,0
3039,0
3040,1
3041,1
3042,1
3043,1
3044,1
3045,0
3046,1
3047,1
3048,1
3049,1
3050,1
3051,1
3052,1
3053,0
3054,1
3055,1
3056,0
3057,0
3058,0
3059,0
3060,1
3061,1
3062,1
3063,1
3064,0
3065,1
3066,1
3067,0
3068,1
3069,0
3070,1
3071,1
3072,1
3073,1
3074,0
3075,0
3076,0
3077,0
3078,0
3079,0
3080,0
3081,1
3082,1
3083,0
3084,0
3085,1
3086,0
3087,0
3088,1
3089,1
3090,1
3091,0
3092,0
3093,0
3094,1
3095,0
3096,0
3097,1
3098,0
3099,1
3100,0
3101,1
3102,0
3103,0
3104,0
3105,1
3106,0
3107,1
3108,1
3109,1
3110,0
3111,0
3112,0
3113,0
3114,1
3115,1
3116,0
3117,0
3118,1
3119,0
3120,0
3121,0
3122,0
3123,0
3124,0
3125,1
3126,0
3127,0
3128,0
3129,1
3130,0
3131,0
3132,0
3133,0
3134,0
3135,1
3136,1
3137,0
3138,0
3139,1
3140,0
3141,1
3142,0
3143,0
3144,1
3145,1
3146,1
3147,1
3148,1
3149,0
3150,1
3151,0
3152,1
3153,1
3154,1
3155,0
3156,1
3157,0
3158,1
3159,1
3160,0
3161,0
3162,1
3163,1
3164,0
3165,1
3166,0
3167,0
3168,1
3169,0
3170,1
3171,1
3172,0
3173,1
3174,1
3175,0
3176,0
3177,1
3178,0
3179,0
3180,0
3181,0
3182,1
3183,0
3184,1
3185,1
3186,1
3187,1
3188,0
3189,0
3190,0
3191,1
3192,0
3193,1
3194,0
3195,1
3196,0
3197,1
3198,0
3199,0
3200,1
3201,0
3202,0
3203,1
3204,1
3205,1
3206,0
3207,1
3208,1
3209,1
3210,1
3211,1
3212,0
3213,1
3214,0
3215,0
3216,1
3217,1
3218,0
3219,1
3220,0
3221,1
3222,1
3223,1
3224,0
3225,0
3226,0
3227,1
3228,0
3229,0
3230,0
3231,1
3232,0
3233,1
3234,1
3235,0
3236,1
3237,0
3238,1
3239,0
3240,1
3241,1
3242,1
3243,1
3244,0
3245,0
3246,0
3247,0
3248,1
3249,1
3250,0
3251,1
3252,0
3253,0
3254,0
3255,1
3256,0
3257,0
3258,0
3259,0
3260,1
3261,1
3262,0
3263,0
3264,0
3265,0
3266,0
3267,0
3268,0
3269,1
3270,0
3271,0
3272,1
3273,0
3274,0
3275,0
3276,1
3277,1
3278,0
3279,1
3280,0
3281,0
3282,1
3283,1
3284,1
3285,1
3286,0
3287,0
3288,0
3289,0
3290,0
3291,1
3292,0
3293,0
3294,0
3295,1
3296,0
3297,0
3298,1
3299,1
3300,0
3301,0
3302,0
3303,0
3304,0
3305,0
3306,1
3307,0
3308,0
3309,0
3310,0
3311,1
3312,0
3313,0
3314,1
3315,1
3316,0
3317,1
3318,0
3319,1
3320,0
3321,0
3322,1
3323,1
3324,0
3325,0
3326,1
3327,0
3328,1
3329,1
3330,0
3331,1
3332,0
3333,0
3334,0
3335,0
3336,0
3337,0
3338,0
3339,0
3340,0
3341,0
3342,1
3343,1
3344,0
3345,0
3346,1
3347,0
3348,0
3349,1
3350,0
3351,0
3352,0
3353,1
3354,1
3355,0
3356,0
3357,1
3358,0
3359,1
3360,0
3361,0
3362,0
3363,0
3364,1
3365,0
3366,0
3367,1
3368,1
3369,1
3370,1
3371,1
3372,0
3373,1
3374,0
3375,1
3376,0
3377,0
3378,0
3379,0
3380,0
3381,1
3382,0
3383,0
3384,1
3385,1
3386,1
3387,0
3388,0
3389,0
3390,1
3391,0
3392,0
3393,0
3394,1
3395,0
3396,0
3397,0
3398,0
3399,0
3400,1
3401,0
3402,1
3403,0
3404,1
3405,0
3406,0
3407,0
3408,0
3409,1
3410,1
3411,1
3412,1
3413,1
3414,1
3415,0
3416,0
3417,0
3418,1
3419,0
3420,1
3421,0
3422,1
3423,0
3424,0
3425,0
3426,0
3427,0
3428,0
3429,0
3430,1
3431,1
3432,0
3433,0
3434,1
3435,1
3436,1
3437,0
3438,1
3439,1
3440,1
3441,1
3442,1
3443,0
3444,1
3445,0
3446,0
3447,0
3448,0
3449,1
3450,0
3451,1
3452,0
3453,1
3454,0
3455,0
3456,0
3457,1
3458,0
3459,0
3460,1
3461,1
3462,1
3463,1
3464,1
3465,0
3466,0
3467,1
3468,0
3469,0
3470,0
3471,1
3472,1
3473,1
3474,0
3475,0
3476,0
3477,0
3478,0
3479,0
3480,0
3481,0
3482,0
3483,1
3484,1
3485,0
3486,1
3487,0
3488,0
3489,1
3490,1
3491,0
3492,0
3493,0
3494,0
3495,1
3496,0
3497,0
3498,0
3499,1
3500,0
3501,0
3502,0
3503,0
3504,0
3505,0
3506,0
3507,1
3508,1
3509,0
3510,0
3511,0
3512,0
3513,1
3514,0
3515,1
3516,0
3517,0
3518,1
3519,1
3520,1
3521,0
3522,1
3523,1
3524,0
3525,0
3526,1
3527,0
3528,0
3529,1
3530,1
3531,0
3532,1
3533,1
3534,1
3535,0
3536,0
3537,0
3538,1
3539,1
3540,0
3541,1
3542,0
3543,0
3544,0
3545,0
3546,0
3547,0
3548,0
3549,0
3550,1
3551,0
3552,1
3553,0
3554,0
3555,1
3556,1
3557,0
3558,0
3559,1
3560,0
3561,0
3562,1
3563,1
3564,1
3565,0
3566,0
3567,0
3568,1
3569,1
3570,0
3571,0
3572,1
3573,0
3574,0
3575,0
3576,0
3577,0
3578,1
3579,0
3580,1
3581,1
3582,0
3583,0
3584,0
3585,0
3586,1
3587,0
3588,0
3589,0
3590,0
3591,1
3592,0
3593,0
3594,0
3595,0
3596,0
3597,1
3598,0
3599,0
3600,1
3601,0
3602,1
3603,0
3604,1
3605,0
3606,0
3607,0
3608,0
3609,0
3610,1
3611,0
3612,1
3613,1
3614,0
3615,1
3616,0
3617,0
3618,1
3619,0
3620,0
3621,0
3622,0
3623,1
3624,1
3625,1
3626,1
3627,1
3628,1
3629,1
3630,0
3631,0
3632,1
3633,0
3634,0
3635,1
3636,1
3637,0
3638,0
3639,0
3640,1
3641,0
3642,0
3643,0
3644,0
3645,0
3646,0
3647,0
3648,1
3649,1
3650,0
3651,1
3652,0
3653,0
3654,0
3655,0
3656,1
3657,0
3658,0
3659,0
3660,1
3661,1
3662,1
3663,1
3664,0
3665,1
3666,1
3667,0
3668,0
3669,0
3670,0
3671,0
3672,1
3673,0
3674,1
3675,0
3676,0
3677,0
3678,1
3679,0
3680,0
3681,1
3682,1
3683,0
3684,0
3685,0
3686,1
3687,1
3688,0
3689,0
3690,1
3691,0
3692,0
3693,0
3694,0
3695,1
3696,1
3697,0
3698,0
3699,1
3700,1
3701,1
3702,0
3703,0
3704,1
3705,0
3706,1
3707,0
3708,0
3709,1
3710,1
3711,1
3712,1
3713,0
3714,1
3715,0
3716,0
3717,0
3718,1
3719,1
3720,1
3721,1
3722,0
3723,0
3724,1
3725,0
3726,1
3727,0
3728,0
3729,0
3730,1
3731,0
3732,0
3733,1
3734,1
3735,0
3736,1
3737,1
3738,0
3739,0
3740,0
3741,0
3742,1
3743,0
3744,1
3745,0
3746,1
3747,0
3748,0
3749,1
3750,0
3751,1
3752,0
3753,0
3754,0
3755,0
3756,1
3757,1
3758,0
3759,1
3760,1
3761,1
3762,0
3763,1
3764,1
3765,0
3766,1
3767,0
3768,0
3769,0
3770,0
3771,1
3772,0
3773,1
3774,0
3775,1
3776,1
3777,0
3778,1
3779,0
3780,0
3781,1
3782,1
3783,1
3784,1
3785,1
3786,1
3787,0
3788,0
3789,1
3790,0
3791,0
3792,1
3793,0
3794,1
3795,1
3796,1
3797,0
3798,1
3799,0
3800,0
3801,1
3802,1
3803,0
3804,0
3805,0
3806,1
3807,1
3808,0
3809,1
3810,1
3811,0
3812,1
3813,1
3814,0
3815,0
3816,1
3817,0
3818,0
3819,1
3820,0
3821,0
3822,0
3823,0
3824,0
3825,1
3826,0
3827,0
3828,0
3829,0
3830,0
3831,0
3832,0
3833,1
3834,0
3835,1
3836,1
3837,1
3838,0
3839,1
3840,1
3841,1
3842,1
3843,1
3844,1
3845,1
3846,1
3847,0
3848,1
3849,1
3850,1
3851,0
3852,1
3853,1
3854,1
3855,1
3856,1
3857,1
3858,0
3859,0
3860,0
3861,0
3862,0
3863,0
3864,0
3865,1
3866,1
3867,1
3868,1
3869,0
3870,1
3871,0
3872,1
3873,0
3874,0
3875,0
3876,0
3877,0
3878,0
3879,0
3880,0
3881,0
3882,1
3883,0
3884,1
3885,0
3886,1
3887,0
3888,1
3889,0
3890,0
3891,0
3892,0
3893,1
3894,1
3895,1
3896,1
3897,1
3898,0
3899,1
3900,0
3901,0
3902,1
3903,0
3904,1
3905,1
3906,0
3907,0
3908,1
3909,0
3910,1
3911,1
3912,0
3913,1
3914,1
3915,0
3916,0
3917,1
3918,1
3919,0
3920,0
3921,0
3922,0
3923,0
3924,0
3925,0
3926,1
3927,0
3928,1
3929,1
3930,0
3931,0
3932,1
3933,0
3934,1
3935,0
3936,1
3937,0
3938,1
3939,0
3940,0
3941,0
3942,1
3943,1
3944,1
3945,1
3946,0
3947,1
3948,1
3949,1
3950,0
3951,0
3952,0
3953,0
3954,1
3955,0
3956,1
3957,1
3958,1
3959,0
3960,1
3961,0
3962,0
3963,0
3964,0
3965,1
3966,0
3967,0
3968,0
3969,0
3970,0
3971,1
3972,0
3973,0
3974,1
3975,0
3976,1
3977,0
3978,1
3979,0
3980,0
3981,1
3982,1
3983,0
3984,0
3985,1
3986,0
3987,1
3988,1
3989,0
3990,0
3991,0
3992,1
3993,0
3994,1
3995,1
3996,0
3997,1
3998,0
3999,1
4000,0
4001,0
4002,1
4003,1
4004,1
4005,1
4006,1
4007,0
4008,0
4009,1
4010,1
4011,1
4012,1
4013,1
4014,0
4015,0
4016,0
4017,1
4018,1
4019,0
4020,1
4021,0
4022,1
4023,1
4024,0
4025,0
4026,0
4027,0
4028,0
4029,0
4030,1
4031,0
4032,0
4033,1
4034,0
4035,1
4036,1
4037,0
4038,1
4039,1
4040,0
4041,0
4042,1
4043,0
4044,1
4045,0
4046,0
4047,1
4048,0
4049,0
4050,0
4051,0
4052,1
4053,1
4054,0
4055,0
4056,0
4057,1
4058,1
4059,0
4060,0
4061,0
4062,0
4063,1
4064,0
4065,0
4066,0
4067,1
4068,1
4069,0
4070,1
4071,0
4072,0
4073,1
4074,1
4075,1
4076,1
4077,1
4078,1
4079,0
4080,1
4081,0
4082,0
4083,0
4084,1
4085,0
4086,0
4087,0
4088,1
4089,0
4090,0
4091,0
4092,0
4093,1
4094,0
4095,1
4096,1
4097,0
4098,0
4099,0
4100,1
4101,0
4102,1
4103,1
4104,1
4105,0
4106,1
4107,0
4108,1
4109,1
4110,0
4111,1
4112,1
4113,0
4114,1
4115,0
4116,0
4117,1
4118,1
4119,1
4120,1
4121,0
4122,0
4123,1
4124,0
4125,1
4126,0
4127,0
4128,0
4129,1
4130,1
4131,0
4132,0
4133,0
4134,1
4135,0
4136,0
4137,1
4138,1
4139,0
4140,0
4141,0
4142,0
4143,1
4144,1
4145,1
4146,0
4147,0
4148,0
4149,0
4150,1
4151,0
4152,1
4153,1
4154,0
4155,1
4156,1
4157,0
4158,0
4159,1
4160,1
4161,0
4162,0
4163,0
4164,1
4165,0
4166,1
4167,0
4168,0
4169,1
4170,0
4171,0
4172,1
4173,0
4174,0
4175,1
4176,1
4177,0
4178,1
4179,0
4180,0
4181,0
4182,1
4183,1
4184,1
4185,1
4186,1
4187,0
4188,0
4189,1
4190,1
4191,0
4192,0
4193,0
4194,0
4195,0
4196,0
4197,0
4198,1
4199,0
4200,1
4201,0
4202,0
4203,1
4204,1
4205,0
4206,0
4207,1
4208,1
4209,1
4210,1
4211,1
4212,1
4213,1
4214,0
4215,1
4216,1
4217,1
4218,1
4219,1
4220,1
4221,0
4222,0
4223,0
4224,0
4225,1
4226,1
4227,0
4228,0
4229,0
4230,0
4231,1
4232,0
4233,1
4234,1
4235,0
4236,0
4237,0
4238,1
4239,1
4240,0
4241,0
4242,1
4243,1
4244,0
4245,1
4246,0
4247,0
4248,0
4249,1
4250,1
4251,0
4252,0
4253,0
4254,1
4255,0
4256,1
4257,0
4258,0
4259,1
4260,0
4261,1
4262,1
4263,1
4264,1
4265,1
4266,0
4267,1
4268,1
4269,1
4270,0
4271,1
4272,0
4273,0
4274,1
4275,1
4276,0
4277,0
4278,0
4279,0
4280,0
4281,0
4282,0
4283,0
4284,1
4285,0
4286,1
4287,0
4288,1
4289,0
4290,1
4291,0
4292,1
4293,0
4294,0
4295,1
4296,0
4297,1
4298,0
4299,1
4300,0
4301,1
4302,1
4303,0
4304,1
4305,1
4306,1
4307,0
4308,1
4309,1
4310,1
4311,0
4312,0
4313,0
4314,1
4315,0
4316,0
4317,0
4318,1
4319,0
4320,1
4321,1
4322,0
4323,0
4324,0
4325,1
4326,0
4327,1
4328,0
4329,0
4330,1
4331,1
4332,0
4333,1
4334,1
4335,0
4336,0
4337,0
4338,1
4339,1
4340,0
4341,0
4342,0
4343,1
4344,0
4345,1
4346,0
4347,0
4348,1
4349,1
4350,0
4351,0
4352,1
4353,0
4354,1
4355,0
4356,1
4357,0
4358,1
4359,0
4360,0
4361,1
4362,0
4363,0
4364,1
4365,0
4366,0
4367,0
4368,0
4369,1
4370,1
4371,1
4372,1
4373,0
4374,0
4375,0
4376,1
4377,1
4378,0
4379,1
4380,1
4381,0
4382,1
4383,1
4384,0
4385,0
4386,0
4387,0
4388,1
4389,0
4390,0
4391,1
4392,0
4393,1
4394,1
4395,0
4396,0
4397,1
4398,1
4399,0
4400,1
4401,0
4402,1
4403,0
4404,1
4405,0
4406,0
4407,0
4408,1
4409,0
4410,0
4411,0
4412,1
4413,1
4414,1
4415,0
4416,1
4417,0
4418,1
4419,0
4420,0
4421,1
4422,1
4423,1
4424,1
4425,0
4426,1
4427,0
4428,0
4429,1
4430,0
4431,0
4432,0
4433,0
4434,0
4435,1
4436,1
4437,1
4438,1
4439,1
4440,1
4441,0
4442,0
4443,1
4444,0
4445,1
4446,1
4447,1
4448,1
4449,1
4450,1
4451,0
4452,1
4453,1
4454,0
4455,1
4456,1
4457,1
4458,1
4459,1
4460,0
4461,1
4462,1
4463,0
4464,1
4465,0
4466,1
4467,0
4468,0
4469,0
4470,0
4471,0
4472,0
4473,1
4474,1
4475,0
4476,0
4477,0
4478,1
4479,0
4480,0
4481,1
4482,1
4483,1
4484,1
4485,0
4486,0
4487,0
4488,1
4489,0
4490,0
4491,0
4492,0
4493,0
4494,0
4495,1
4496,1
4497,1
4498,1
4499,1
4500,0
4501,0
4502,1
4503,0
4504,0
4505,1
4506,1
4507,1
4508,0
4509,0
4510,0
4511,1
4512,0
4513,1
4514,0
4515,0
4516,0
4517,1
4518,1
4519,0
4520,0
4521,0
4522,0
4523,0
4524,0
4525,0
4526,0
4527,0
4528,0
4529,0
4530,0
4531,0
4532,1
4533,0
4534,1
4535,1
4536,1
4537,0
4538,0
4539,1
4540,0
4541,1
4542,0
4543,0
4544,1
4545,1
4546,0
4547,1
4548,0
4549,0
4550,1
4551,1
4552,1
4553,1
4554,1
4555,1
4556,0
4557,0
4558,1
4559,1
4560,1
4561,0
4562,0
4563,1
4564,1
4565,0
4566,0
4567,1
4568,0
4569,0
4570,0
4571,1
4572,1
4573,1
4574,0
4575,0
4576,1
4577,0
4578,0
4579,0
4580,0
4581,1
4582,0
4583,1
4584,0
4585,0
4586,1
4587,1
4588,0
4589,0
4590,0
4591,0
4592,0
4593,0
4594,0
4595,0
4596,1
4597,0
4598,1
4599,0
4600,0
4601,1
4602,1
4603,0
4604,1
4605,0
4606,1
4607,1
4608,1
4609,1
4610,1
4611,0
4612,0
4613,1
4614,0
4615,1
4616,0
4617,0
4618,0
4619,0
4620,1
4621,1
4622,0
4623,0
4624,1
4625,0
4626,1
4627,1
4628,1
4629,1
4630,1
4631,0
4632,0
4633,0
4634,0
4635,1
4636,0
4637,1
4638,0
4639,0
4640,0
4641,1
4642,0
4643,1
4644,1
4645,1
4646,0
4647,1
4648,0
4649,0
4650,0
4651,1
4652,0
4653,1
4654,1
4655,0
4656,0
4657,1
4658,0
4659,0
4660,0
4661,1
4662,0
4663,0
4664,1
4665,0
4666,1
4667,0
4668,0
4669,1
4670,0
4671,1
4672,0
4673,0
4674,0
4675,1
4676,1
4677,0
4678,0
4679,0
4680,1
4681,1
4682,1
4683,0
4684,0
4685,1
4686,0
4687,0
4688,0
4689,0
4690,0
4691,0
4692,0
4693,0
4694,0
4695,0
4696,1
4697,1
4698,0
4699,1
4700,1
4701,0
4702,1
4703,1
4704,0
4705,0
4706,1
4707,1
4708,0
4709,0
4710,1
4711,1
4712,1
4713,1
4714,0
4715,1
4716,1
4717,0
4718,1
4719,0
4720,0
4721,1
4722,1
4723,0
4724,0
4725,1
4726,1
4727,1
4728,0
4729,0
4730,0
4731,0
4732,0
4733,0
4734,0
4735,1
4736,1
4737,0
4738,1
4739,0
4740,1
4741,0
4742,0
4743,1
4744,1
4745,0
4746,1
4747,0
4748,0
4749,1
4750,0
4751,0
4752,0
4753,0
4754,1
4755,0
4756,1
4757,0
4758,0
4759,1
4760,1
4761,1
4762,1
4763,1
4764,1
4765,0
4766,0
4767,0
4768,1
4769,0
4770,0
4771,0
4772,1
4773,0
4774,0
4775,1
4776,1
4777,1
4778,0
4779,1
4780,0
4781,1
4782,1
4783,0
4784,1
4785,0
4786,0
4787,1
4788,0
4789,0
4790,0
4791,1
4792,0
4793,0
4794,0
4795,1
4796,0
4797,0
4798,0
4799,1
4800,1
4801,1
4802,0
4803,0
4804,0
4805,0
4806,1
4807,0
4808,1
4809,1
4810,0
4811,1
4812,0
4813,0
4814,0
4815,1
4816,1
4817,0
4818,0
4819,1
4820,1
4821,0
4822,0
4823,1
4824,1
4825,1
4826,0
4827,1
4828,0
4829,0
4830,0
4831,1
4832,1
4833,1
4834,0
4835,1
4836,0
4837,0
4838,0
4839,1
4840,0
4841,0
4842,0
4843,1
4844,0
4845,1
4846,0
4847,0
4848,0
4849,0
4850,0
4851,0
4852,1
4853,0
4854,1
4855,1
4856,1
4857,0
4858,0
4859,0
4860,0
4861,0
4862,1
4863,1
4864,1
4865,0
4866,1
4867,0
4868,0
4869,1
4870,0
4871,0
4872,1
4873,0
4874,1
4875,0
4876,0
4877,0
4878,0
4879,0
4880,0
4881,0
4882,1
4883,1
4884,0
4885,1
4886,1
4887,1
4888,1
4889,0
4890,0
4891,0
4892,0
4893,0
4894,1
4895,0
4896,0
4897,1
4898,0
4899,1
4900,1
4901,0
4902,1
4903,0
4904,0
4905,0
4906,0
4907,0
4908,1
4909,1
4910,0
4911,1
4912,0
4913,0
4914,0
4915,1
4916,0
4917,1
4918,1
4919,0
4920,1
4921,0
4922,1
4923,0
4924,1
4925,0
4926,1
4927,0
4928,0
4929,0
4930,1
4931,1
4932,0
4933,0
4934,0
4935,0
4936,0
4937,1
4938,0
4939,1
4940,0
4941,0
4942,0
4943,1
4944,0
4945,1
4946,0
4947,1
4948,1
4949,0
4950,0
4951,1
4952,0
4953,1
4954,0
4955,1
4956,1
4957,1
4958,0
4959,0
4960,0
4961,1
4962,1
4963,1
4964,0
4965,0
4966,0
4967,0
4968,1
4969,1
4970,0
4971,0
4972,1
4973,0
4974,0
4975,0
4976,0
4977,0
4978,0
4979,0
4980,0
4981,0
4982,1
4983,1
4984,0
4985,0
4986,0
4987,0
4988,0
4989,0
4990,0
4991,0
4992,0
4993,1
4994,0
4995,0
4996,0
4997,0
4998,1
4999,1
5000,0
5001,0
5002,0
5003,1
5004,0
5005,0
5006,0
5007,1
5008,0
5009,0
5010,1
5011,1
5012,0
5013,0
5014,0
5015,1
5016,0
5017,1
5018,1
5019,0
5020,1
5021,0
5022,0
5023,0
5024,1
5025,1
5026,0
5027,0
5028,1
5029,0
5030,1
5031,0
5032,0
5033,1
5034,0
5035,1
5036,1
5037,1
5038,0
5039,0
5040,0
5041,0
5042,1
5043,1
5044,0
5045,0
5046,0
5047,0
5048,0
5049,1
5050,0
5051,0
5052,0
5053,1
5054,0
5055,1
5056,0
5057,0
5058,0
5059,0
5060,1
5061,1
5062,0
5063,1
5064,0
5065,0
5066,1
5067,1
5068,0
5069,1
5070,0
5071,1
5072,0
5073,1
5074,1
5075,1
5076,0
5077,0
5078,0
5079,1
5080,0
5081,0
5082,0
5083,0
5084,0
5085,1
5086,1
5087,1
5088,1
5089,0
5090,1
5091,1
5092,1
5093,0
5094,0
5095,0
5096,0
5097,0
5098,0
5099,0
5100,1
5101,0
5102,1
5103,0
5104,1
5105,0
5106,0
5107,0
5108,1
5109,1
5110,0
5111,0
5112,0
5113,1
5114,0
5115,1
5116,0
5117,0
5118,1
5119,1
5120,1
5121,1
5122,0
5123,1
5124,0
5125,0
5126,0
5127,1
5128,1
5129,1
5130,0
5131,1
5132,0
5133,1
5134,0
5135,0
5136,0
5137,1
5138,0
5139,0
5140,1
5141,0
5142,0
5143,1
5144,1
5145,1
5146,1
5147,1
5148,0
5149,0
5150,0
5151,1
5152,0
5153,1
5154,1
5155,0
5156,1
5157,1
5158,0
5159,0
5160,0
5161,1
5162,0
5163,1
5164,1
5165,0
5166,0
5167,1
5168,0
5169,0
5170,1
5171,1
5172,0
5173,0
5174,0
5175,0
5176,1
5177,0
5178,0
5179,0
5180,0
5181,0
5182,0
5183,0
5184,0
5185,0
5186,1
5187,0
5188,0
5189,0
5190,0
5191,0
5192,1
5193,0
5194,0
5195,1
5196,0
5197,0
5198,0
5199,0
